<?xml version="1.0" encoding="UTF-8" ?>

<routes xmlns="http://symfony.com/schema/routing"
    xmlns:xsi="http://www.w3.org/2001/XMLSchema-instance"
    xsi:schemaLocation="http://symfony.com/schema/routing http://symfony.com/schema/routing/routing-1.0.xsd">

    <route id="peace_homepage" path="/peacebundle/contact">
        <default key="_controller">PeaceBundle:Contact:index</default>
    </route>
    <route id="peace_homepage" path="/peacebundle/contact/createcontact">
        <default key="_controller">PeaceBundle:Contact:save</default>
    </route>
</routes>
